final_wealth,mean_step_pnl,std_step_pnl,sharpe_like,max_drawdown,mean_drawdown,final_inventory,mean_inventory,mean_abs_inventory,inventory_std,max_inventory,min_inventory,num_bid_fills,num_ask_fills,total_fills,fill_imbalance,step_pnl_p05,step_pnl_p01,bid_change_std,ask_change_std,spread_change_std,barrier_hit,survived,steps_survived
17.938075508412112,0.035876151016824225,0.25440083420274695,0.14102214377210492,1.7668125497399956,0.13742984308313574,2,0.154,0.426,0.7638395785789103,2,-2,13,11,24,2,-0.1216823150488338,-0.28762775328353796,0.5871738048869959,0.751726384699495,0.7446583848793784,0,1,500
-2.695918509874545,-0.02695918509874545,0.9800507041049494,-0.027507949319151754,10.116348376865474,0.17462412935155697,-1,-0.55,0.55,0.8211226608993473,0,-2,3,4,7,1,-0.17809062527886538,-0.5281781148524888,0.9192527212413041,1.5141152856839757,0.5991569599583608,1,0,100
23.95666335321026,0.04791332670642052,0.25704241495463864,0.18640241422680995,2.1230294478575047,0.14506439325525353,0,-0.288,0.472,0.6464454993014757,1,-2,12,12,24,0,-0.15907583361040523,-0.467455265365854,0.34573282363277585,0.5360484047963799,0.5135167874650118,0,1,500
28.642193854752065,0.05728438770950413,0.3664581715767506,0.15631903489249996,4.350620510339212,0.5702365966264192,3,0.324,0.648,0.8581940305012474,3,-2,19,16,35,3,-0.19723915474148868,-0.4332056990891044,0.9928997580691743,0.7854375186089305,0.815625348358882,0,1,500
18.548557768251072,0.03709711553650214,0.2751439404055576,0.13482803030910578,4.263982405506113,1.2164690278021446,1,0.768,0.98,0.9486706235062872,2,-1,14,13,27,1,-0.22393830545376048,-0.6337954523168972,0.8811344094789166,0.6158518719115844,0.6104382512512971,0,1,500
11.223027086697968,0.022446054173395937,0.24364514658523537,0.09212600574192606,2.999220642740056,0.5897631742031987,-1,0.544,0.668,0.9218261913474298,3,-1,8,9,17,1,-0.174162029170796,-0.4869999136967754,1.1517816327413182,0.8917393509460506,0.8873630158931687,0,1,500
25.343307128006558,0.05068661425601312,0.3123357123563755,0.1622824808391342,3.3034032311527426,0.6238319743450813,0,0.258,0.618,0.7954252968102103,2,-1,15,15,30,0,-0.18878643821081054,-0.6977175198124155,0.80573814181146,0.5491970483273406,0.5492684440817078,0,1,500
26.011767183795158,0.052023534367590316,0.28860338694849635,0.18025961135616916,1.751519605599185,0.31792553091397485,1,0.456,0.712,0.9369202950510557,2,-1,13,12,25,1,-0.2003280264161418,-0.5760376179203754,0.6205094747929527,0.5991342935010846,0.6614236379160219,0,1,500
3.2452237226430043,0.008257566724282454,0.3653272420443425,0.02260320549338494,6.1830277222168775,1.2989594594567528,2,0.1450381679389313,0.3791348600508906,0.6752414995563926,3,-1,11,9,20,2,-0.31616286276636457,-1.0634054521257224,1.065203987504813,0.8958863294842203,1.0003988856257895,1,0,393
19.65989070945102,0.039319781418902036,0.3795050384856558,0.10360806163653767,2.895800852842754,0.6111220128155985,-4,-0.07,1.026,1.446819468056154,2,-4,10,14,24,4,-0.228362739181923,-0.6885362642828837,1.0578289412667177,0.6251765492415502,0.8601481992860689,0,1,500
19.37689957884608,0.038753799157692156,0.2790720620953161,0.13886663848249012,4.332677605481024,0.5912005509405326,1,0.118,0.614,0.9174745331822982,3,-2,11,10,21,1,-0.15953459891764438,-0.44148342062300744,0.6567119895417413,0.4617608024248483,0.7017532949405024,0,1,500
8.030422537546329,0.05445449855859896,0.7932604426787796,0.06864643139728695,9.075146457051531,0.12444356124242151,1,0.578125,0.65625,0.6473370648978406,2,-1,9,8,17,1,-0.1378460696776486,-0.6957571632423969,1.3801450356704847,0.8772897771684595,0.5093356664043083,1,0,128
26.19869065621225,0.0523973813124245,0.2805865514121992,0.1867423119480261,3.3206076722683235,0.6254969452011947,-2,-0.054,0.518,0.7511407490275703,2,-2,11,13,24,2,-0.15586497468659247,-0.5926186753761415,1.0833163594836681,0.749630670620869,1.003292983217276,0,1,500
21.047268849808745,0.04209453769961749,0.301917636855547,0.1394239108979853,3.1685542452602675,0.46915126951089153,-1,0.048,0.616,0.8288969418935995,2,-2,13,14,27,1,-0.2191507263587944,-0.46062150672483737,0.6964439119381953,0.6762552401887666,0.7658807712633142,0,1,500
-1.566335587347936,-0.01284926222344083,0.6043072493779931,-0.02126279675884275,8.430386859850586,0.8751475536308254,-1,-0.5422885572139303,0.6517412935323383,0.7137595787927529,1,-2,4,5,9,1,-0.23116834452771684,-1.0086582762476155,0.972581523160531,1.7028197973781192,1.2429433834524286,1,0,201
-6.259205040447171,-0.09342097075294284,1.1826679288442803,-0.0789917173488894,10.847631372114279,0.3019349180828592,1,0.5223880597014925,0.5223880597014925,0.7040620012992116,2,0,2,1,3,1,-0.2989579258964667,-3.9408927651934276,1.9260396042533932,1.1197505904570726,0.8095975937516411,1,0,67
22.48493619646632,0.044969872392932646,0.2265514160366588,0.1984974235846642,0.9357096453884424,0.19808219876034444,-1,0.13,0.266,0.5601137874662787,2,-1,12,13,25,1,-0.07874716146357486,-0.21987164642708748,0.395212086958274,0.41743113649883634,0.6203545028564,0,1,500
19.378519889932903,0.038757039779865804,0.30615986460842126,0.1265908574571311,2.712220362416005,0.6812232774504838,-2,0.382,0.842,1.1466060399377127,3,-2,12,14,26,2,-0.21783465876238992,-0.4976842209031866,0.8558730870592901,0.7625554761060439,0.8351482756536146,0,1,500
8.504002808167826,0.01945996065942294,0.33586110495570565,0.05794050091608982,6.435694809464934,0.9759224158673724,2,0.965675057208238,1.070938215102975,1.2474608392836044,3,-1,11,9,20,2,-0.3337191446002521,-0.7258597309224046,0.9882816101041053,0.6066079198197395,1.1369267700535557,1,0,437
17.690247645210732,0.03538049529042146,0.33096293282562755,0.1069016852982605,5.430829082749909,1.4039677400835473,0,0.418,0.874,1.0026398022950678,2,-2,14,14,28,0,-0.2398361435399245,-0.5525180997439875,0.7501242773746387,0.7745050921915937,0.7472332879352377,0,1,500
25.56280554388165,0.051125611087763305,0.28767727264596243,0.17771863108040745,2.1135596664298077,0.31574173145584844,-1,0.096,0.74,1.1319658534544113,3,-2,12,13,25,1,-0.20068876395272994,-0.49607594707220487,1.1020402719307447,0.8263169845445839,0.5633268648647874,0,1,500
14.259961097908985,0.02851992219581797,0.2815976941811343,0.10127896209750781,2.297106371939037,0.5999182795780292,2,0.206,0.938,1.2093341051818194,2,-2,11,9,20,2,-0.2249407608045473,-0.4379304519823398,0.74858427677992,0.7494510501976887,0.9461574762149831,0,1,500
15.968684382701554,0.03193736876540311,0.2821626156171175,0.11318781084956896,4.275967943989073,1.0743674912007757,1,-0.132,0.612,0.7923582922684999,2,-2,12,11,23,1,-0.16528369245827576,-0.4245206685009658,0.8066353517600674,0.7441306786851066,0.8701073485087293,0,1,500
11.38257041079865,0.0227651408215973,0.26525630376148135,0.08582318496747926,4.611929510024083,1.538294208390093,-1,0.0,0.676,0.8772337648291433,1,-2,11,12,23,1,-0.1787427442096117,-0.4620989686294561,0.6072696197941432,0.8101653883893662,0.6192230552543139,0,1,500
27.05565252844596,0.05411130505689192,0.36733311952500824,0.14730853870926464,3.045760761266081,0.6630750147614829,2,0.608,0.944,0.8966291807517482,2,-1,17,15,32,2,-0.22245953785134268,-0.7445755458305574,0.8571177759383097,0.9171648226753533,0.7258082370038367,0,1,500
24.278109522177772,0.048556219044355545,0.2795725822250172,0.1736801894439736,1.3383944734393936,0.19599857017038394,2,0.006,0.514,0.8505356086862481,2,-2,15,13,28,2,-0.14924358519423037,-0.2845867178698199,0.4647221444165043,0.6700110295985494,0.6099798179292126,0,1,500
19.925110702224003,0.03985022140444801,0.28879905457878213,0.13798598289191835,2.667226361643813,0.8181632588556353,2,0.514,0.69,0.8216777401251871,2,-1,12,10,22,2,-0.17977884808113842,-0.5707105644941856,0.9712142484735122,0.5631079274552296,0.758948794114735,0,1,500
-8.541065420244252,-0.067786233494002,1.3409230281921933,-0.050551919885617545,14.500769502271737,0.7321647538611203,2,1.7063492063492063,1.7063492063492063,0.7273784194484774,3,0,4,2,6,2,-0.3470559350967193,-0.43831821084423694,2.1208595366226173,1.310564242630049,0.9397615729824654,1,0,126
23.789513903987967,0.04757902780797593,0.3197734508200874,0.1487898000468973,4.039308319165087,0.5088601554614036,-1,0.264,0.624,0.9778631974186018,3,-1,8,9,17,1,-0.2417064786625829,-0.5969118968546573,1.0910516927090295,0.7179231412228131,0.7983954224016572,0,1,500
18.679551285993924,0.037359102571987844,0.30932933925532147,0.12077452032776867,3.8365377677652077,0.5688553501263288,0,0.59,0.858,0.9858213262933346,3,-2,12,12,24,0,-0.1878131969776554,-0.564116638059688,1.129488104355628,0.8800627257200737,0.7053784461545989,0,1,500
27.083041486305603,0.05112246269831385,0.3008826649870099,0.1699083019633287,1.8059404554817036,0.42941585077048045,-3,-0.39,0.826,1.0882410289426458,2,-3,12,15,27,3,-0.14653497148632155,-0.6848195442187484,0.6434832554278722,0.5501536172486636,0.601909351572506,0,1,500
2.4072846200422617,0.015333023057594024,0.7698683267422294,0.019916422750442593,9.691946215963142,1.0359414198145676,-1,-0.07006369426751592,0.643312101910828,0.9276013296057012,1,-3,7,8,15,1,-0.24279089712751156,-2.3507182728991367,1.4327803943961386,1.1665868383955575,0.915971322285358,1,0,157
26.727708241020252,0.0534554164820405,0.2453235560577945,0.21789760975594746,1.0134421181784035,0.07374951048944524,0,0.214,0.446,0.6820075282114371,2,-2,12,12,24,0,-0.12535802466700402,-0.2119764659689396,0.23995080934091229,0.5128039827644731,0.3774502305293833,0,1,500
-5.161044578050081,-0.06881392770733441,1.1524897895138069,-0.05970892612966642,10.931256865305784,0.353310712851096,1,1.16,1.1866666666666668,0.8060581428964847,2,-1,3,2,5,1,-0.36418305213355207,-3.510120991347215,2.0084317577896345,1.2533258023696403,1.4241496029667777,1,0,75
1.3196951488776563,0.005037004385029222,0.4097902819098418,0.012291663827511472,6.852428581684677,0.8247642370020227,0,0.4770992366412214,0.4770992366412214,0.629305386762138,2,0,5,5,10,0,-0.18829554747391197,-1.0456932133909456,1.0442020979072324,0.7248477229686044,0.8590729981368145,1,0,262
15.740413848331869,0.03148082769666374,0.2521349636883512,0.1248570497166368,3.612831409903194,0.5460436036936823,0,0.148,0.324,0.5854755017302197,2,-1,10,10,20,0,-0.13334609034827807,-0.43590333643510515,0.9120953286056009,0.5197253310132148,0.9014092805735594,0,1,500
16.375183117581642,0.03275036623516328,0.2929106826936466,0.11181007784992557,3.334682548127901,0.4617138020252762,1,-0.42,0.764,0.9215739781452105,3,-2,13,12,25,1,-0.21997129797722365,-0.5113821636705927,0.842501156428595,1.1335574085425162,0.7212664440763511,0,1,500
27.96415662560942,0.05592831325121884,0.30514542347657314,0.18328412929754895,2.216381522612906,0.2183436872935588,-1,-0.168,0.688,1.0148081943612228,2,-2,14,15,29,1,-0.16255098250364666,-0.3180383188002892,0.7770729370010522,1.0352505471046523,0.6526633376921152,0,1,500
37.56335404037726,0.07218061460003576,0.3347635025609823,0.21561673852624166,1.793179983833852,0.16055946220237374,1,-0.122,0.63,0.827336068317996,2,-2,18,17,35,1,-0.14853542623678848,-0.26687710635727413,0.8450353747468344,0.6425666933716799,0.7815615857093817,0,1,500
20.76469874227837,0.04152939748455674,0.3005728919665846,0.13816747482682334,3.035723832281036,0.32471165392250895,2,0.41,0.81,1.1767197366736712,3,-2,15,13,28,2,-0.2231811905887916,-0.45464214079238385,0.7430634530329681,0.6067276227256558,0.9845261479878118,0,1,500
12.357912180588329,0.02471582436117666,0.33564104599181704,0.07363766933828944,4.923965121738817,1.792486849101298,1,0.056,1.172,1.5196983141175964,3,-2,13,12,25,1,-0.32090486063174944,-0.7448554436579505,1.1095004905332237,1.4038135905463456,0.7878290152144006,0,1,500
21.48068743631532,0.07839666947560336,0.42851433665536687,0.1829499336879154,6.115969018019285,0.20600646152682028,2,0.9343065693430657,0.9343065693430657,0.7232849317413976,3,0,13,11,24,2,-0.18304792366787268,-1.068340200403795,0.5818697081181812,0.37259461693309964,0.22053569084401714,1,0,274
30.095485466577543,0.060190970933155084,0.36136638469943194,0.1665649420685674,3.4022677107566324,0.48734421582973253,1,0.572,1.164,1.3100566770159177,3,-2,17,16,33,1,-0.28223060465729327,-0.6204224590817933,1.3401994141319646,1.0192043896925802,0.7902988028799507,0,1,500
11.298700217790383,0.022597400435580766,0.32530693674089145,0.06946485882503711,4.400823950106343,1.1692109022378754,0,0.124,0.648,0.9372196975752516,3,-2,13,13,26,0,-0.1679735793128053,-0.673624649275525,0.6950590635123075,0.6257957115663616,0.6933425974162606,0,1,500
27.584588775945235,0.05516917755189047,0.3526779868772937,0.1564293196754832,3.2121396603301946,0.5323478738463263,1,0.61,1.106,1.2365103783760423,3,-2,12,11,23,1,-0.24682438640255522,-0.5760721743773015,1.095240947137003,1.2125073979702774,0.8843167824563364,0,1,500
28.076369040532086,0.05615273808106417,0.28103080365339095,0.19980990464703752,1.2420952866999784,0.0889838916106838,1,-0.012,0.364,0.6234045769266264,2,-1,14,13,27,1,-0.12538266255106692,-0.3814179222720891,0.4996938569967883,0.7395571185632946,0.7379517586656257,0,1,500
18.328735304001384,0.03665747060800277,0.2838689384958607,0.129135194579974,2.693970845156315,0.3800252915346843,3,0.534,1.126,1.4215786195434588,3,-2,11,8,19,3,-0.2162150989110742,-0.5191322041146571,0.9112547188720496,0.5298519605058537,0.7845865021045773,0,1,500
16.666787573608076,0.03333357514721615,0.2988351197537988,0.11154503919943257,3.0571631269459516,0.5947606097205392,3,1.136,1.156,1.0215631073823728,4,-1,10,7,17,3,-0.21937994299139443,-0.5807657312351334,1.1153658255554986,0.5788413067355587,0.8370621953647681,0,1,500
22.84149968345099,0.04568299936690198,0.3570213714568562,0.12795592370384062,4.2935979164629,0.7198727156229189,2,0.918,1.062,1.0833389342643354,3,-1,14,12,26,2,-0.24750487533266108,-0.6909794442326445,0.8357997331262282,0.502584571426655,0.6769423097641193,0,1,500
23.329368390372736,0.046658736780745474,0.2695299863131132,0.1731114872182306,2.2610139551739508,0.2753445405851264,-1,0.244,0.408,0.6428768009209266,2,-2,13,14,27,1,-0.11740128887064571,-0.5310534109510894,0.6378652803897368,0.5185819041952741,0.8466645971528388,0,1,500
-8.477441115055512,-0.09973460135359427,1.0484118739636608,-0.09512921765797938,12.3146444553646,0.3229250679561371,1,1.1411764705882352,1.1411764705882352,0.8884569445375049,2,0,2,1,3,1,-0.28852216533171027,-3.0780055923157104,1.802587769022337,1.128569364108947,0.6763640685294692,1,0,85
7.442649984652917,0.014885299969305833,0.27853841946897145,0.05344074256481728,5.368163725102889,1.3510437205018713,-2,0.28,0.788,0.9754501555753755,2,-2,8,10,18,2,-0.24567947279856095,-0.508797240564119,0.9884665601734824,0.6017424767925439,0.8065315920413966,0,1,500
13.7416434859948,0.0274832869719896,0.20451321746983156,0.13438391567972552,2.0884281203198896,0.15098563010723304,1,0.28,0.48,0.7633908114865703,2,-2,9,8,17,1,-0.13247934683992568,-0.37545974442409064,0.5618555984370772,0.48976689353624026,0.8903295922515531,0,1,500
21.258423540111778,0.04251684708022355,0.260051181540073,0.1634941507601201,2.6751497633535877,0.6290534304662054,1,0.136,0.388,0.631110609324867,2,-2,13,12,25,1,-0.1169882281491212,-0.34256746880901146,0.708762748905863,0.4525643294417763,0.45112509169577947,0,1,500
-3.723814106871231,-0.0307753231972829,1.4526563950190423,-0.021185548972755038,15.949039029485931,0.6952868564605776,2,0.5702479338842975,1.28099173553719,1.515621139340742,3,-1,7,5,12,2,-0.32907212508035855,-2.1554415918217957,2.188606617583153,2.00878658302619,1.3468764221510507,1,0,121
9.169045710871274,0.020558398454868326,0.32863241702801993,0.06255742705094401,6.105644319487396,1.4029834638523766,-2,-0.07623318385650224,0.5246636771300448,0.8257214370297736,2,-2,9,11,20,2,-0.21528607987737658,-0.7038550026487258,1.2433802237403664,0.8473668833901342,1.1443057417035356,1,0,446
23.768356557592455,0.04753671311518491,0.3201388315709652,0.14848780724839675,3.774463832943823,0.7976704638686973,-1,-0.374,0.614,0.8715751755145085,1,-3,15,16,31,1,-0.17292324188922234,-0.3321297774153316,0.5797160384282155,0.9464124074007991,1.083127556051205,0,1,500
28.143246466959454,0.05628649293391891,0.3787566112490308,0.1486086084363084,4.188660310494711,1.0111995952858277,2,0.498,0.714,0.8045437099140883,2,-1,15,13,28,2,-0.18828400677991367,-0.7406819064913254,1.4380270154986021,1.2255651762833832,0.9466759057223774,0,1,500
26.865337959965615,0.05373067591993123,0.3604940942782288,0.14904731248749092,1.6523863431142445,0.3689553647077654,-1,-0.464,0.74,0.9286704785420019,3,-2,14,15,29,1,-0.2236768807987914,-0.4242430857576107,0.6057356162486777,0.7017629987624668,0.6868315604150944,0,1,500
0.25649254177542957,0.0005129850835508591,0.2255673346108996,0.0022741993402257328,5.483739239052113,3.4915112842442495,-1,-0.018,0.39,0.624865516593495,1,-1,5,6,11,1,-0.1354713178719386,-0.39442059207007923,0.9143522906346567,0.727052858069939,0.8890876040038623,0,1,500
16.021165952542162,0.042050304337381,0.3834182055526379,0.10967216404516406,6.016662739186472,0.34567990788358444,3,-0.028871391076115485,0.7795275590551181,1.2467667813590595,3,-3,11,8,19,3,-0.26531736012611873,-0.6247840698984873,0.6244140311604358,0.7140376055072889,0.8280664468693355,1,0,381
38.351004353679144,0.07670200870735829,0.3531516791125846,0.2171928189606272,2.481750855014596,0.3328355668372614,-2,0.0,0.684,0.998997493482325,2,-3,19,21,40,2,-0.219420310550609,-0.6056144792899977,0.9993628843706143,0.4773493966311011,0.6623433212917126,0,1,500
-4.390788658286027,-0.04304694763025517,0.43861612451560017,-0.09814264734954127,6.259366667767523,1.1364659894947957,0,-0.47058823529411764,0.47058823529411764,0.5015990737145658,0,-1,2,2,4,0,-0.3733878672324415,-2.297886276748483,0.8534297153864793,1.8141906133579544,1.4963276013798668,1,0,102
25.85624117840929,0.051712482356818586,0.3270278796205417,0.1581286660227981,3.6975922873373577,0.4764471273650693,1,0.47,0.814,0.9288840892719636,2,-2,17,16,33,1,-0.22390818410621588,-0.5471719262651726,0.9494774804277448,0.6507769577473131,0.9077681531792255,0,1,500
21.606179213482392,0.04321235842696478,0.29759311278648837,0.14520617773107802,3.3083462281705494,0.4748909440101952,4,0.736,0.996,0.9613284062219417,4,-1,13,9,22,4,-0.25370908828854366,-0.4302109279819814,0.5565425130152354,0.9318070526155611,0.8602142897802545,0,1,500
21.294644438535286,0.04258928887707057,0.24073923831361194,0.176910457868162,1.408461772897141,0.16977234433287244,0,0.172,0.704,0.9317469101688605,2,-2,11,11,22,0,-0.16883775238329263,-0.40560115461942386,0.49075473498275984,0.37566724819587954,0.5964680359193215,0,1,500
-4.117827793624727,-0.024956532082574104,0.5691674971891736,-0.043847430160326745,7.511478392350753,0.05213928082690235,-1,-0.08484848484848485,0.08484848484848485,0.3562347233534237,0,-2,1,2,3,1,0.0,-0.21512902803862516,0.8367822166772949,1.1232793330612048,1.117959090463113,1,0,165
6.1965888674572795,0.023471927528247272,0.4637832614421219,0.05060969094747258,8.429170685553999,0.44504423917968283,-1,-0.7537878787878788,1.0265151515151516,1.1218470174221196,1,-3,7,8,15,1,-0.2866775987157581,-0.7328959981538546,1.4122120978705344,1.1701965214895806,1.2014430304658907,1,0,264
-2.2772519009510575,-0.006469465627701868,0.3253281673494423,-0.019885968314366655,6.691551656493118,1.536996753307404,1,0.9801136363636364,0.9801136363636364,0.8249333832286622,2,0,5,4,9,1,-0.375702541772435,-1.344526170426637,1.478913894670475,0.8290658250787662,0.8628403007517068,1,0,352
11.14144609162227,0.022282892183244543,0.30977193908516376,0.07193321722096496,5.445186854377013,0.9067118958706284,0,-0.26,0.536,0.7546781288445508,1,-2,8,8,16,0,-0.15543044884803547,-0.4391766771250768,0.45861019017920923,0.7372429467081927,0.5892830188202143,0,1,500
14.077546749973123,0.028155093499946247,0.22433784037031626,0.12550309592596998,1.7640768810258578,0.3509693035658202,-2,-0.066,0.49,0.8643716079054807,2,-3,7,9,16,2,-0.14223116169797265,-0.31238268664561675,0.7124127885162487,0.5419935775937419,0.8829714416125317,0,1,500
0.28746147694168656,0.001049129477889367,0.45261867069729633,0.0023179102980236737,6.456854548026243,1.0563675428268762,-1,-1.167883211678832,1.2335766423357664,1.0168495702814595,1,-3,5,6,11,1,-0.3148808910694619,-0.6957526872210045,0.9255453549200546,0.9923557764480608,0.9054184682333569,1,0,274
24.18424641727063,0.06397948787637732,0.47481122991016844,0.13474720867142745,8.209025130218265,0.25971480396065705,-2,-0.626984126984127,1.1243386243386244,1.378505670295376,2,-3,12,14,26,2,-0.33660141635572954,-0.64636225873777,1.0472762494126613,0.7246600143741232,0.9932202593176698,1,0,378
17.09915615285071,0.034198312305701424,0.2675593765189467,0.1278157870993242,2.3318528172279684,0.6489361656485566,0,0.486,0.546,0.7005608975258929,2,-1,12,12,24,0,-0.15647050966224682,-0.4131401763665242,0.8201323335700709,0.49827767358559727,0.622166491888769,0,1,500
-3.150494171483274,-0.014931251997551062,0.5168400702770438,-0.028889501523205265,8.487931285919586,1.2958423184636612,1,0.2843601895734597,0.6919431279620853,0.9485286566587333,2,-1,5,4,9,1,-0.23400239736157857,-1.0539768937791223,1.0808509371852435,1.518932669482907,1.0058493180962649,1,0,211
23.666405333940276,0.04733281066788055,0.25208325487381955,0.18776658009825073,1.6973026617659457,0.2647481809602027,1,0.362,0.41,0.5399435879388815,2,-1,12,11,23,1,-0.10573942197134371,-0.2600563021103228,0.7149490529123371,0.4663302364475819,0.7249121111525664,0,1,500
-3.177696233020626,-0.019860601456378912,0.7262900581652918,-0.02734527511848664,8.899608886754137,0.9316927775045588,-1,-0.65625,0.65625,0.8396380996386359,0,-3,4,5,9,1,-0.2547807057643013,-1.4671903470726182,1.0654713127239186,1.8750862494659213,1.3331634272800974,1,0,160
9.601824361348037,0.019203648722696073,0.25147931678293833,0.07636273618158083,3.658999983202193,1.4030333290145718,0,0.106,0.374,0.609513752123819,1,-2,9,9,18,0,-0.14432468344365643,-0.463083858463804,0.7014053903803957,0.682490466661069,0.6315726951394127,0,1,500
23.25773804357847,0.04651547608715694,0.2426593380315897,0.19169044333628654,1.1422941122085177,0.1179366806071076,0,0.22,0.484,0.7270882440455619,2,-2,13,13,26,0,-0.1360457710628175,-0.2122005212051968,0.5744610000202751,0.3051741366026265,0.47857780471019135,0,1,500
26.144429944064314,0.052288859888128626,0.3345228228189049,0.15630879665355174,3.0571675249405814,0.3692193948502647,-2,0.76,1.076,1.1157462881673048,2,-2,12,14,26,2,-0.29935126517295885,-0.7127140332686198,1.419237182170671,0.8683222763908786,0.5714250273336788,0,1,500
-1.5861615236518958,-0.006008187589590514,0.4015565452925432,-0.014962245442166679,7.158766228099097,0.3210268703113623,1,0.3560606060606061,0.6060606060606061,0.8511461809865543,2,-1,3,2,5,1,-0.2129487497379884,-0.595639654913567,0.9925147175420407,0.6200916004445218,0.9209739398629301,1,0,264
19.85622806517779,0.039712456130355574,0.3080182681098731,0.12892889884070394,2.716635459990613,0.41241562339093985,-1,0.146,0.53,0.7387662357621688,2,-1,14,15,29,1,-0.1716753334820545,-0.8495886172558289,0.6791350198366048,0.6452934305193236,0.7660922693023382,0,1,500
18.355822985058808,0.03671164597011761,0.344072510518224,0.10669741071356661,2.9274548624317305,1.1244706399053397,-2,-0.192,0.484,0.7511754316124272,1,-2,12,14,26,2,-0.16951198588639255,-0.711303468603681,0.879036087003787,0.7304349672578727,0.9245911784623191,0,1,500
22.355040126458874,0.04471008025291775,0.25851998105881935,0.17294632341231767,2.0108529669249435,0.35796923207410725,1,-0.554,0.626,0.6227838464819698,1,-2,10,9,19,1,-0.14639651940638387,-0.359261351282111,0.48622889474901587,0.9633722070091281,0.7345952816519912,0,1,500
33.09330942142509,0.06341580857647253,0.33304368814603397,0.19041288225368008,1.856186636846786,0.2532700286310793,-1,0.01,0.938,1.1885812765233195,3,-3,16,17,33,1,-0.2003992620084567,-0.4912637359897171,0.9524588595037253,0.6763114638983944,0.7093530173224584,0,1,500
24.616148667185982,0.04923229733437196,0.3046950375644599,0.16157892733581203,3.0278883266749403,0.7157580962579301,0,-0.202,0.606,0.8571262046287714,1,-2,15,15,30,0,-0.14680449703113468,-0.5651888889849643,0.8157842496208106,0.8322614218270862,0.57309434473242,0,1,500
17.467469150183675,0.03493493830036735,0.3033976644312476,0.11514570610074273,4.746425472666488,0.9243878226586798,1,0.61,0.81,0.9097005607453701,2,-2,11,10,21,1,-0.2830985758040242,-0.7799923074714655,1.25301922326509,0.6581925816218526,0.7227553078411879,0,1,500
18.567749894390573,0.03713549978878115,0.27607941557784044,0.1345102086329805,2.5234596093406623,0.4162671356002426,1,0.076,0.44,0.6951189687826991,1,-2,13,12,25,1,-0.1509280950593307,-0.4353775769297705,0.8446171684029351,0.6263688579601304,0.9534024794066221,0,1,500
27.361544128316766,0.05472308825663353,0.34345768011905603,0.15932993036436108,3.282801147180038,0.6806114506216446,-1,-0.14,0.712,0.9044534659916389,2,-2,15,16,31,1,-0.24704944134115792,-0.5121214131023178,0.7996566715365697,1.1004079403321592,0.9270307605517122,0,1,500
27.642821334374133,0.05528564266874827,0.3813491276319933,0.14497382755770885,3.2866142129004743,0.6417999386547417,-2,0.468,1.06,1.1677771220629507,2,-2,14,16,30,2,-0.2664472006976325,-0.9545023822944884,0.6744626717197523,0.646334366823003,0.5176735919633497,0,1,500
3.3774783246740157,0.013674001314469698,0.501797952265564,0.027250014179423805,6.513039763630687,0.5168092807750738,1,0.6396761133603239,0.6396761133603239,0.9171606372432313,3,0,5,4,9,1,-0.2701887113878939,-0.9752886611629288,1.4441249635513278,0.963996275611071,0.9692101979334002,1,0,247
5.077591727918374,0.020310366911673497,0.4492485300733854,0.04520964577961014,6.132601881931365,0.3145488772991048,1,0.8,0.952,1.086610735988866,3,-1,5,4,9,1,-0.2837098332740794,-1.0394866713055098,0.8916473207094284,1.0402353170914036,1.1264960073738781,1,0,250
17.75875239195176,0.03551750478390352,0.2550674987044631,0.13924747356744593,2.3200025605487156,0.2785458286698745,1,-0.11,0.506,0.7556732654847178,1,-2,13,12,25,1,-0.17037054645368668,-0.4988515801999053,0.9420643600230202,0.9113560491789332,1.0664268386819984,0,1,500
16.540464039558415,0.033080928079116834,0.27768908038779017,0.11912938035878294,2.7381310952730473,0.4422478521917509,-1,-0.172,0.376,0.5891606066607659,1,-1,10,11,21,1,-0.14631860925414555,-0.5758326892483022,0.842747664468482,0.8391621514971311,0.9310703214584629,0,1,500
-2.1042620428426346,-0.009229219486151906,0.2681917574480102,-0.034412763367295526,6.030017090491086,0.731901310259625,0,0.13596491228070176,0.4780701754385965,0.6794176299920729,1,-1,3,3,6,0,-0.3717504229172441,-0.8204315039630167,1.0391484480047473,1.1672109657023175,1.065846397413164,1,0,228
11.007268187441468,0.026651981083393388,0.3218163129243159,0.0828173713169678,6.106580861585428,0.31779682643934265,3,0.7893462469733656,1.0460048426150121,1.5708765745106514,4,-1,8,5,13,3,-0.2808237808674107,-0.8319186523923713,0.6916644614439732,0.5863832657818553,0.9405152331268903,1,0,413
26.001270491222755,0.05200254098244551,0.32096567330144526,0.16201901109045896,2.9364184558717596,0.5004589663987261,-2,0.552,0.748,0.9060562210765415,3,-2,14,16,30,2,-0.1826207523700994,-0.3810983503617437,0.7058121710429689,0.5495982516577127,0.8168450412822437,0,1,500
6.920723134438319,0.030354048835255786,0.5231162955477993,0.05802543161728784,6.982566913501202,0.7135515019030751,-1,0.04824561403508772,0.4956140350877193,0.7753620676069743,1,-2,8,9,17,1,-0.17276134221939968,-0.9375605905132816,1.1919884524052737,0.9937919011080191,1.0800451341143535,1,0,228
22.33737710978022,0.04467475421956044,0.25524313820430405,0.17502822811881605,1.5563245496616247,0.2005427609136951,2,0.4,0.56,0.7753724297456154,2,-1,11,9,20,2,-0.14348112771133115,-0.2575782504936262,0.5622643661774938,0.3565078643479602,0.6291130485371794,0,1,500
24.783948901617677,0.04956789780323535,0.3458330980573173,0.1433289586263857,2.9649117470550124,0.479744668573681,0,0.562,0.782,0.8435515149157361,3,-1,16,16,32,0,-0.17708403336996167,-0.46843559684746705,0.8628453807284243,0.8113618114424195,0.9063601058879859,0,1,500
16.805139041243166,0.031126701706488943,0.37354663431528917,0.08332748537130003,5.9603294883063995,0.7474979257936746,2,0.73,1.078,1.466082807209467,4,-1,11,9,20,2,-0.2923711456366064,-1.2156617761683406,0.7661541571877589,0.9187521954442629,0.8284882358816313,0,1,500
15.029432757231092,0.03903748768111972,0.46235354588990357,0.0844321148351936,8.04984641704786,0.3444044610964599,-2,0.0,0.561038961038961,0.81967981553775,1,-3,9,11,20,2,-0.14524728500722403,-0.7323396005993795,0.6101921513585294,0.904640535936248,0.7548749394731068,1,0,385
21.94608986191338,0.04389217972382676,0.28388225457938604,0.1546140310485591,1.9089440431360885,0.2921246589829802,-1,0.202,0.398,0.7029824811028187,2,-2,14,15,29,1,-0.13830059560641175,-0.4060833381539879,1.3179418788047332,0.9333706928467657,0.9460857953076001,0,1,500
16.966122226725616,0.033932244453451235,0.3063698569165633,0.11075581910978136,2.946081731861895,1.3355570072241485,-2,-0.216,0.416,0.6710025998295057,1,-2,10,12,22,2,-0.15036588505232157,-0.5469089811288911,0.8299112369416212,0.9295264191681113,0.8855455086781212,0,1,500
22.906998533106275,0.04581399706621255,0.27785568866728344,0.16488414286492206,4.066104402099526,0.2387740295046758,0,0.078,0.334,0.5732130025501735,1,-1,12,12,24,0,-0.11730957744215117,-0.2462483578825197,0.5738735738745151,0.7750430591745323,0.7406968763537887,0,1,500
25.218509103210337,0.05043701820642067,0.2838729213531066,0.17767463682633158,2.0218126615371403,0.3946448687513281,1,0.486,0.882,1.015808906965745,2,-2,13,12,25,1,-0.22224727316108142,-0.4635822286872323,1.0571891492318688,0.47568150312429675,0.7358946580833863,0,1,500
-0.1619810608186043,-0.0005399368693953477,0.31688923934906504,-0.0017038662167978627,6.0159063342085375,0.5803781661242448,1,0.41333333333333333,0.41333333333333333,0.7644848018522666,3,0,5,4,9,1,-0.15460904649026758,-0.6542967874391447,0.9021635831198106,0.7135777006560454,1.018778080079224,1,0,300
14.53409790436487,0.02906819580872974,0.24407389739750773,0.11909588087278793,2.0506335260163553,0.4485887223618941,2,0.846,1.014,1.021945568751576,3,-1,10,8,18,2,-0.25163863919988927,-0.4024227426694249,0.6466093211142586,0.3969854455124607,0.7380680507278913,0,1,500
20.409147466390223,0.03818885783108181,0.29905731542747516,0.12769745416983572,2.794911693703682,0.5476526443897239,1,0.268,0.632,0.8658379471364158,2,-2,12,11,23,1,-0.17691432818774827,-0.5369264443091019,0.6722931139348851,0.9580041555539497,0.8412157528320716,0,1,500
16.053595322329386,0.03210719064465877,0.25718755858370707,0.12483959496852558,2.64744329206718,0.6558359180696065,2,0.46,0.472,0.6238416118803128,2,-1,13,11,24,2,-0.19467795635519064,-0.4397883612064244,0.8534387714053484,0.5521723657385599,0.7924600008774856,0,1,500
17.774247130276336,0.03554849426055267,0.3150950914050799,0.11281830542621632,5.009273851775021,0.7835576428449146,-1,-0.198,0.55,0.7374847574933804,1,-2,10,11,21,1,-0.27553673545460594,-0.7332515376670312,0.8363704526378692,1.0837443776246132,0.8561338021184146,0,1,500
23.2155437175567,0.0464310874351134,0.3407230671312105,0.1362722161018138,3.4481353362408527,0.6164358763147167,-2,-0.286,0.49,0.7677126842322342,1,-2,16,18,34,2,-0.2003108154238106,-0.4679298516700537,0.868708150876726,1.0002761789684178,0.9633322010117166,0,1,500
-3.018674165004626,-0.022696798233117488,0.33604449242753354,-0.06754105109443033,6.502392944429346,1.154169471849141,2,1.6390977443609023,1.6390977443609023,0.7213029652277805,2,0,2,0,2,2,-0.41331150787552245,-1.2466555671172068,1.2494834761399956,0.7722544087189778,0.48147263141160934,1,0,133
14.050967276269304,0.03736959381986517,0.3608378991341187,0.10356338375052955,7.769067439684662,0.59657224324919,1,0.6276595744680851,1.0265957446808511,1.2689863045497187,3,-2,11,10,21,1,-0.31254587672558287,-0.7585030222007276,0.7484459108701784,0.8995003684668743,0.5216589434419179,1,0,376
12.293923193708864,0.021584895019754014,0.257470036254926,0.08383459036102581,2.656678980342619,1.2745091633548842,0,0.236,0.396,0.5839400413945662,1,-1,9,9,18,0,-0.1765123272316039,-0.4134239457111109,0.7254107031893665,0.9943598861812806,0.780746653058534,0,1,500
20.41415511370191,0.04082831022740382,0.3140569016477453,0.13000290715810459,3.878665331686449,0.8002319805373322,0,0.44,0.652,0.841317794452563,2,-1,13,13,26,0,-0.22583201233433095,-0.6396345796003601,1.6558213471020409,0.786846164733317,1.0904467178425652,0,1,500
14.39776384034056,0.028795527680681117,0.2587954589796356,0.11126751525742865,2.5984865842728766,0.44245450428117233,2,0.07,0.634,0.909259867702313,3,-1,11,9,20,2,-0.17280346286914108,-0.3568671245422737,0.6840806742892241,0.7058277727722776,0.927636042222325,0,1,500
12.265000540181546,0.024530001080363094,0.35144865686567683,0.06979682693642682,5.383562372826461,1.07779577372499,2,0.304,0.524,0.9682246215810004,4,-1,12,10,22,2,-0.2523052400510295,-0.6506399305269277,0.7271171294347898,0.7836493029942335,0.7813021531048379,0,1,500
9.607135478730783,0.019214270957461563,0.2592750353510879,0.07410767847883676,5.16085376952384,1.3130784926194428,1,0.272,0.612,0.9207124539429731,3,-1,10,9,19,1,-0.21448123420566817,-0.5677759921967732,0.7151482655709395,0.5897625467025228,1.0605841698775909,0,1,500
10.443698239073512,0.020887396478147024,0.27779441324674586,0.07519012435832892,4.903041429868779,1.210084713141478,0,0.52,0.636,0.9051179353840625,3,-1,9,9,18,0,-0.24352433005819157,-0.5402606693615066,1.3333842042058621,0.9390803965173105,0.85912070239182,0,1,500
28.71138821432561,0.05742277642865122,0.3181161339238385,0.180508846628378,1.3234439306648937,0.3123745741698409,-1,0.13,0.466,0.6708203932499368,1,-1,13,14,27,1,-0.1250233751380392,-0.3526859805102336,0.8690254092861206,0.5933536517792708,0.7770236293695756,0,1,500
20.072696459999975,0.040145392919999946,0.24668604151917295,0.16273881032185206,2.1937778994373787,0.1504031656085722,-3,0.154,0.55,0.8316653982638322,2,-3,9,12,21,3,-0.1433840751339872,-0.296743284504075,0.3155216887686509,0.30018192295758706,0.516828845138855,0,1,500
15.791732193280154,0.05521584682965089,0.40300359707761996,0.13701080394793377,6.209954412896479,0.4041952578707658,-3,-0.16083916083916083,0.7062937062937062,1.2877307643325202,2,-4,9,12,21,3,-0.19342929015088828,-1.2031639151849192,1.1810953555152017,1.0384310331085136,1.2926107487680718,1,0,286
26.230417279115983,0.052460834558231965,0.27273825240720684,0.1923486496485793,1.7165102088520712,0.28698274538046054,2,-0.064,0.596,0.8862702465387178,2,-3,15,13,28,2,-0.15446648183892364,-0.49234931954867905,0.7180042796684175,0.7269984428864011,0.4956203858823257,0,1,500
33.295624250449805,0.0665912485008996,0.3314245791102933,0.2009242907676382,2.336775194572297,0.2907635261167328,1,-0.152,0.608,0.8162281892423391,2,-2,18,17,35,1,-0.1557496217748408,-0.629512556719142,0.44701978690951094,1.0085998950365136,0.6961331128083472,0,1,500
12.862178230554349,0.025724356461108697,0.29150159008389304,0.08824773975887089,2.0809198453094524,0.5529031305540768,0,-0.416,0.592,0.8076190296135846,1,-2,9,9,18,0,-0.19879552971560768,-0.8808330331065528,0.6792694934522697,0.7616997186340305,0.9284502544993696,0,1,500
31.223235135997044,0.062446470271994084,0.29171650956564604,0.21406560213119327,2.4636943573853642,0.2977431984491461,2,-0.048,0.58,0.8550779593892399,2,-2,15,13,28,2,-0.1663839364621971,-0.6027991858051314,0.6844029118245406,0.5492496760960878,0.9158854160150156,0,1,500
14.037942858361163,0.028075885716722326,0.19517680363754056,0.14384847580923454,1.8494283752215068,0.16849318076862124,1,-0.07,0.43,0.6526499090688784,1,-1,8,7,15,1,-0.1287817594882803,-0.22025345784566808,0.8731977772434696,0.7427738906241111,0.7199630179303932,0,1,500
17.392498043504474,0.03478499608700895,0.3150479924204234,0.11041173701712995,5.218923892637349,0.7310435986132687,2,-0.126,1.002,1.203753315296858,2,-2,10,8,18,2,-0.2552134849357415,-0.7991594537712753,0.4309106948071651,0.686291828799956,0.5006585338085451,0,1,500
19.85060973552781,0.03970121947105562,0.23378554574975777,0.16981896525536988,2.0514796479489803,0.24323512916801923,-1,0.034,0.378,0.6369107556174903,1,-2,11,12,23,1,-0.12144768014202185,-0.4057056092679396,0.42667153319554824,0.33676428986139656,0.528030209680096,0,1,500
-3.977276512989363,-0.018244387674263132,0.5244039711107223,-0.03479071227394697,9.971513691763988,0.4469790627134554,1,0.7889908256880734,0.7981651376146789,0.8962121467024484,2,-1,4,3,7,1,-0.2718770151727426,-1.136480926485232,0.8159708713923576,0.5571776597988227,0.7383692304275056,1,0,218
20.730771278129083,0.04146154255625817,0.28773807563282044,0.14409473777472093,2.8305002325535327,0.2163573870387604,1,0.062,0.39,0.6220368636338516,1,-1,11,10,21,1,-0.15819207733974353,-0.35026206679410876,0.9567779141026074,0.7378367879270323,0.9434639953312782,0,1,500
18.16726393562368,0.03633452787124736,0.3800056119325952,0.09561576653135509,3.673970615528276,0.9894724734534149,0,-0.564,0.776,0.9756062808482022,1,-3,16,16,32,0,-0.2705433583475922,-0.9012588713434851,0.8099744709986177,0.853164018127434,0.7146403974355794,0,1,500
28.542955345044305,0.05708591069008861,0.3862453810476057,0.14779700545572308,3.065949191770173,0.5300856224669378,1,-0.374,0.81,1.188675691599521,2,-3,17,16,33,1,-0.281927881710466,-0.7044513493890651,0.9719706327658175,1.5222968945953748,0.963424194173992,0,1,500
37.87756048133073,0.07575512096266146,0.3396259662147274,0.22305456148350708,3.1881809703710218,0.4259413161475321,0,0.092,0.756,0.9764440003254375,2,-2,19,19,38,0,-0.18899005634436106,-0.48782060449538106,0.8065244504676342,0.6194204211484292,0.6586892574633189,0,1,500
15.778893832115926,0.031557787664231854,0.34493638661879733,0.0914887175965466,4.930045859337525,0.835021254818204,1,-0.186,0.906,1.0380554504632558,2,-2,11,10,21,1,-0.20906112312458158,-1.3314547523784588,0.9960041678809353,1.3026985950515904,0.9853768211496702,0,1,500
15.124910446366158,0.030249820892732315,0.26120641466828254,0.11580810881322376,2.5857790655823862,0.38483861415097964,1,-0.022,0.53,0.7284072722787831,1,-1,11,10,21,1,-0.1901622518050487,-0.4499163832480916,0.937850242480975,0.9121098021454044,0.9929540522419199,0,1,500
26.600428062084774,0.05320085612416955,0.3714995758998906,0.14320569813614695,5.391037992650283,0.3297101437458235,1,0.482,0.582,0.7257612961007467,2,-1,15,14,29,1,-0.1464464499832836,-0.5128287363954167,0.9137659302659633,0.5415701482622315,0.7495294153100598,0,1,500
2.136523064733481,0.013107503464622585,0.6510746077004388,0.02013210668881323,10.30527118749653,0.1790659816693784,-1,-0.18404907975460122,0.8343558282208589,1.0437306296195097,1,-2,4,5,9,1,-0.1968233298657296,-1.0768716937705067,0.6741817436198594,1.3368324968762297,0.7191361842229228,1,0,163
-4.8532149630032535,-0.04493717558336346,0.3410342890852188,-0.1317673237602294,6.149982521425471,1.342184800574305,1,0.3888888888888889,0.3888888888888889,0.4897707518912289,1,0,2,1,3,1,-0.46714461746461344,-0.9689386567115339,1.9609743428204571,0.9907002405094771,1.3213453457477737,1,0,108
17.106298760655378,0.034212597521310756,0.2708748264679532,0.12630408653065478,3.6600632947395297,0.623978019656585,0,-0.16,0.34,0.6124951433286654,1,-2,12,12,24,0,-0.11177124601377954,-0.37252515598561015,0.5846679341017524,0.7331664781982387,0.7465375559851138,0,1,500
22.473354704074325,0.04494670940814865,0.24094874272752986,0.18654054343329293,1.4232198488152221,0.12409725960905117,-1,0.152,0.476,0.783660799387716,2,-1,11,12,23,1,-0.11500210987154062,-0.2753930904610968,0.3410368115344671,0.23604283489244396,0.40746797549246955,0,1,500
24.76135761231089,0.04727710566619206,0.2598045167771116,0.18197183887518595,2.3872288351511486,0.5693201924317473,0,0.686,0.77,0.6843542075290583,2,-1,13,13,26,0,-0.16640651803876735,-0.35893681658744114,0.9570609297576563,0.42950484346563433,0.7625833881915902,0,1,500
25.575096767111347,0.0511501935342227,0.3378222260180269,0.1514115697388774,2.8474445349252164,0.6456562983957548,5,0.586,0.81,1.0299152639425262,5,-1,17,12,29,5,-0.20236366634062505,-0.727729856356168,0.8528745202254563,0.6541032895325584,0.8278774804218626,0,1,500
14.407295594820496,0.028814591189640994,0.358791887822917,0.08031004091090886,4.7858864168718185,1.1308097052501918,-1,-0.008,0.8,1.0029695388154034,2,-1,9,10,19,1,-0.40918127592186476,-1.1862016806094067,1.1920394608027933,1.0007883127062187,0.6575836381697711,0,1,500
25.018226213262366,0.050036452426524734,0.2732605280318336,0.18310896486488754,3.6620260571260417,0.5189253686058652,0,0.26,0.512,0.7858977481460817,2,-2,14,14,28,0,-0.1402272059997763,-0.2958415395055822,0.6865128985100543,0.49636909143092606,0.6923613375136913,0,1,500
6.153287125756222,0.038944855226305204,0.7408473538362075,0.05256798856686323,7.086034444974999,0.8496902566868687,1,0.6012658227848101,1.1455696202531647,1.266621331605457,2,-2,8,7,15,1,-0.3178595866484215,-1.6026721739756575,2.0644827278598297,1.5802798450606514,1.0902102666536035,1,0,158
29.53633348142563,0.05907266696285126,0.27364969446359144,0.21586966167979735,1.4542980003341768,0.20091804856093923,0,0.394,0.574,0.7693815021116528,2,-1,17,17,34,0,-0.1581280842474385,-0.44669852817872124,0.6665617744165704,0.5067541233934758,0.6980651944410354,0,1,500
-1.4987721751573417,-0.007419664233452187,0.6095876838730916,-0.012171611122945021,9.773507225303007,0.9579153454080104,-1,-0.10396039603960396,0.3910891089108911,0.775292696078634,1,-2,5,6,11,1,-0.269292098175427,-1.3486783550240213,1.4155632740840753,1.198692227717383,1.4136785151590787,1,0,202
-0.5016729576428816,-0.0026128799877233413,0.5870688913471045,-0.004450721246229389,7.738309913823002,0.2723462733341045,1,0.640625,0.6614583333333334,0.8867941112859954,2,-1,4,3,7,1,-0.29810204094294046,-0.5924036021088761,1.5703734178132085,0.9583867028688572,0.6161878957654814,1,0,192
8.581161846071723,0.017162323692143447,0.29179384327508495,0.05881660661326932,5.110633598403055,2.1999235814525466,1,0.044,0.384,0.6950036403647398,2,-2,11,10,21,1,-0.1594824765188853,-0.6608112387855106,0.6033961034085216,0.9155678636240621,0.7348074106721894,0,1,500
27.45458431223838,0.05490916862447676,0.30286246276590834,0.1813006739852619,2.0087406771393006,0.41322057312765537,-2,0.286,0.874,1.087459947895348,2,-2,12,14,26,2,-0.21660106271899407,-0.775294469607474,0.9144387848914133,1.1411191132876783,0.9186385148838642,0,1,500
13.045018058702667,0.026090036117405332,0.2312194866539616,0.11283666655803243,2.0020898263588975,0.6388173202881839,0,-0.58,0.604,0.6484141282880309,1,-2,7,7,14,0,-0.17748109880075943,-0.32323794440429965,0.6616733269496348,1.060573398829861,0.9228443278952997,0,1,500
-2.8816399582401573,-0.033901646567531266,1.1752125851942876,-0.028847246017109113,12.995676089975973,1.016686225867542,1,1.8941176470588235,1.8941176470588235,0.9514841716242792,3,0,5,4,9,1,-0.6053316253171829,-2.5509856741499632,1.7909090911908694,1.1093456973348832,0.686933531307936,1,0,85
18.52484664462861,0.03704969328925722,0.3122901566279678,0.11863868425822974,4.2289363374797375,1.135264744774718,2,-0.29,0.55,0.7368758185365346,2,-2,15,13,28,2,-0.13875821152420684,-0.32160107191830245,0.8119588325090262,0.9841753516550824,0.8567486392758414,0,1,500
9.871572304094045,0.01974314460818809,0.225204566901349,0.08766760319185232,2.479496388005927,0.49537788460149534,-1,-0.366,0.59,0.8634437272574748,2,-2,7,8,15,1,-0.17129900206971982,-0.28956154527625355,0.7235770923759425,0.5620598406899421,0.8146755922823691,0,1,500
-0.27952867934331493,-0.0033678154137748786,1.1337229953298882,-0.0029705804924526104,10.085350283288676,0.3188643487678277,-1,-1.216867469879518,1.216867469879518,0.7164988174395691,0,-2,2,3,5,1,-0.33955220098915784,-2.3156785263023965,1.8250429569444298,3.045928336780915,1.2249617111795015,1,0,83
21.605134603253546,0.04321026920650709,0.3534750776343852,0.12224417488092083,3.5907186226115186,0.5060275328204216,1,0.768,0.884,0.9695649087216642,3,-2,12,11,23,1,-0.2296702425196962,-0.894187239371655,1.0152659273342157,0.6249426436469842,0.6767806259246008,0,1,500
11.640510240744902,0.023281020481489806,0.27707283711885805,0.08402491100713257,4.668549918389914,2.083152188219651,0,0.194,0.674,0.9154452906429311,2,-2,11,11,22,0,-0.19537312497243634,-0.6597478593631472,0.9158984326978945,0.7472351166145498,0.9234796349008384,0,1,500
21.346530687790874,0.04269306137558175,0.2661278709560349,0.1604231124761613,1.9057203811740635,0.3527229436452266,1,-0.426,0.55,0.6643845374685164,1,-2,12,11,23,1,-0.15253082656720593,-0.3280749768049783,0.3750513551415752,0.5564692667316903,0.6528942065980575,0,1,500
12.623778838222691,0.025247557676445383,0.31132146753096224,0.08109802988081222,5.058022722688321,1.3897695192776758,0,0.25,0.462,0.6726104441794213,2,-1,13,13,26,0,-0.252670089544658,-0.8333846279299412,0.7456721758637113,0.7373846883875574,0.8990902720905595,0,1,500
29.104366400376534,0.05820873280075307,0.3138844853751422,0.1854463521221792,1.8908953644131543,0.3031834611076689,0,-0.096,0.796,1.0568907398932703,2,-2,15,15,30,0,-0.22694952283762077,-0.47510086872432167,0.7608399124703329,0.5250399637455787,0.534417580511284,0,1,500
25.111505201045233,0.050223010402090464,0.3068474838176059,0.16367418033572664,2.1535985883372746,0.42939183285410654,0,1.194,1.194,0.6238126999101079,2,0,12,12,24,0,-0.26058457419747183,-0.4522382595371232,1.581222725104419,0.8696668095107856,0.7668325218707378,0,1,500
23.870246569325886,0.04774049313865177,0.31485692774778246,0.15162598923896914,2.295087461720456,0.2789792860273656,0,-0.63,0.734,0.8959382851634611,1,-3,13,13,26,0,-0.27171711042881835,-0.6811054995735689,0.6203781656546971,1.0505748260747514,0.9262306723896513,0,1,500
16.85604488343253,0.033712089766865065,0.30923811123423556,0.1090166074039318,4.2552522946454445,0.6400892330148353,-2,0.292,0.664,0.9057465172480731,2,-2,11,13,24,2,-0.20881412591536513,-0.8795783872808162,0.9527200273845564,0.8877413340410147,0.933453744810933,0,1,500
23.109461933325008,0.04621892386665002,0.32320876079164834,0.14300021989905576,3.7102257156850555,0.6589129942369684,1,0.006,0.87,1.0431396265894237,2,-2,15,14,29,1,-0.21819414268102122,-0.7632554036897038,0.7078096939007278,0.7657279586277281,0.5856830401807962,0,1,500
24.32928520237489,0.04865857040474978,0.26100396401086967,0.18642847279720604,1.6547180398782046,0.11816331288852379,0,-0.426,0.542,0.6303321642392598,1,-2,12,12,24,0,-0.13800861411042717,-0.4436232625508127,0.46856790447926694,0.544720374441206,0.6732990941999596,0,1,500
20.55273052358075,0.0411054610471615,0.24867406667568237,0.16529854357754736,1.0568783670456128,0.23845325965768033,-1,-0.48,0.72,0.7942680425693167,1,-2,10,11,21,1,-0.1777326305919246,-0.3750855939166823,0.44662056324107774,0.362510447304613,0.42180920633994756,0,1,500
21.07613374637276,0.042152267492745525,0.2854680144179064,0.1476602118754002,3.775158665638017,0.9499131307087973,1,0.11,0.458,0.7175861340072277,2,-1,14,13,27,1,-0.1592596870587016,-0.3368252499091761,0.8239362173852853,0.7074334727343045,0.9891056477877257,0,1,500
22.4567809325967,0.0449135618651934,0.2602128086907743,0.1726031938665792,3.4317202794837556,0.24954461894917326,1,0.276,0.58,0.7674646597779053,2,-1,13,12,25,1,-0.13071486603955762,-0.24488853734357505,0.5211539107281796,0.5357315946861245,0.6470413725348894,0,1,500
2.7393268372301804,0.015476422809210058,0.40421557775231415,0.03828754669780454,6.34119033929926,0.35668054390606174,-3,-0.8757062146892656,0.8757062146892656,1.1212450889807417,0,-3,0,3,3,3,-0.5356052643136081,-1.055641025745681,1.941812399212959,2.965103040892539,1.6572145557687858,1,0,177
14.941414576235047,0.029882829152470095,0.351116977322495,0.0851079015895552,5.257070509199394,1.4948025912768095,2,0.076,1.1,1.4164167723328793,3,-4,14,12,26,2,-0.31452024870854983,-0.666005597328683,0.7899294781965297,0.8550834880602445,0.8748105652408833,0,1,500
16.946947443971467,0.033893894887942935,0.35685183662185904,0.09498030109275828,4.576598974906702,1.2635269320492348,1,0.274,0.61,0.8392452950899761,2,-1,13,12,25,1,-0.17241330904499674,-0.5096029845773296,1.047066377686355,1.0032742153277496,0.9434974981247154,0,1,500
19.29387913320238,0.03858775826640476,0.3256646691151373,0.11848923732234441,4.411892424870501,1.1422885574474477,-2,-0.768,0.784,0.8096215004234361,1,-3,10,12,22,2,-0.19363340689191091,-0.42591465040960486,0.7096282275004201,1.0452832330551078,0.9300091140445983,0,1,500
12.996210459552202,0.025992420919104406,0.25150596558285565,0.10334713476383989,2.7854939654417876,0.5404786275106814,0,0.364,0.536,0.7131066134065567,2,-2,10,10,20,0,-0.14454295841860798,-0.35516674097377243,1.309778684212731,0.6986667328536355,0.9273999481351033,0,1,500
22.252468289357694,0.04450493657871539,0.2338037044239851,0.1903517170019631,1.0180568750592158,0.1370039867182823,-2,0.372,0.772,1.0137412602263811,2,-2,9,11,20,2,-0.18162073875902038,-0.2865212904398802,0.4154081608103487,0.37814865693876404,0.7009693160123928,0,1,500
25.054909167727374,0.05010981833545475,0.24872908593929396,0.20146344423700946,1.498598532266385,0.09867164806797706,0,0.376,0.68,0.9594086354936147,3,-2,11,11,22,0,-0.1605380106871074,-0.3721310987873437,0.5249622204481432,0.6534021421933132,0.6776641951359443,0,1,500
3.8359848565420833,0.015343939426168334,0.47189025613933105,0.032515906456024264,9.394457410408577,0.9659439313208557,1,1.36,1.36,0.9768402466472599,3,0,7,6,13,1,-0.3916519513432362,-1.2877759382918272,1.4475912839572889,0.8998980361836464,0.6719406790656951,1,0,250
22.57841154323603,0.04515682308647206,0.3372682075217065,0.13388994894643869,5.243713599495422,1.2019459857656698,3,0.418,0.522,0.6813254793544972,3,-1,17,14,31,3,-0.12543614708843548,-0.44091255797977114,0.8799507658164686,0.7757198356466332,0.7551106815741997,0,1,500
26.292886782439325,0.05258577356487865,0.34129324177516007,0.15407798083317295,2.8901944099170436,0.5985872581342835,2,0.792,1.108,1.41305677837723,3,-2,16,14,30,2,-0.27611820561501754,-0.5577049268239723,0.7401613893433497,0.7733685842637438,0.8423618081191558,0,1,500
25.99003746115804,0.05198007492231608,0.30865793455975066,0.1684067347767639,1.6474799758286451,0.3968549792407263,0,0.766,0.822,0.8881563169209422,3,-1,14,14,28,0,-0.2154134748636771,-0.46705461018537303,1.148320480417444,0.9729117361035637,0.9246959739911526,0,1,500
7.676205561240039,0.05293934869820716,0.7439543102866893,0.07115940853644004,7.790213514063595,0.16254163298497074,-1,-0.8137931034482758,0.8275862068965517,0.7991854090307597,1,-2,6,7,13,1,-0.241534946383436,-0.3649815273743866,0.6660635281229179,1.0993129411670914,0.4439425894649621,1,0,145
23.845766991512832,0.04769153398302566,0.28416932803556105,0.16782787330548812,3.154890978849693,0.3306578199887211,-1,0.418,0.794,1.0533256808698628,3,-2,11,12,23,1,-0.21837533058364683,-0.3803946865230827,0.7094612984878828,0.5025549184341742,0.6507942354313986,0,1,500
-0.1225396296375294,-0.0005891328347958144,0.5350064125171026,-0.0011011696701408798,7.436651719237275,0.32137680327047397,1,0.41346153846153844,0.7307692307692307,0.9179958944797518,2,-1,5,4,9,1,-0.20944798627330458,-0.757313298929696,0.9925331446872477,1.0846770318323824,1.1962238825972347,1,0,208
24.469161781264148,0.048938323562528294,0.2712867702918306,0.18039332883687476,3.0705264809162145,0.22958044349927992,-2,0.154,0.454,0.7009040826433616,1,-2,13,15,28,2,-0.1376496519749402,-0.6023540751631785,0.598608130831399,0.4162571520111215,0.4099242009687228,0,1,500
17.73092043381122,0.03546184086762244,0.3137046542231512,0.11304212541993054,5.947533408380565,0.9301162245070674,1,0.584,0.78,0.8947318537865748,3,-1,13,12,25,1,-0.31736808997248994,-0.8146198588895506,1.6059074819192867,0.9883046064804812,0.7400887357019025,0,1,500
37.26231035504799,0.07452462071009597,0.36121341372657156,0.20631742310185275,1.9913989277703195,0.4122324190140464,-2,0.152,0.628,0.9002871953261006,2,-2,19,21,40,2,-0.18137067394528827,-0.5750202190606961,1.316616991644647,0.8469883576087546,0.7494325110857305,0,1,500
17.947890605692038,0.03589578121138408,0.30761863885476803,0.11668922710569042,3.7868505128521264,1.0964305829475827,-1,0.378,0.586,0.860579568888768,2,-2,12,13,25,1,-0.17411807662445608,-0.7255359895705653,1.2708248147942283,0.8474521533966086,1.0571041296644699,0,1,500
16.327886044636983,0.030114289364310452,0.30580607018250383,0.09847511969347074,5.369077118335852,1.2027855435436399,-2,-0.136,0.584,0.8360034710497406,2,-2,13,15,28,2,-0.1993706269472767,-0.701375801271748,1.1971099224269701,1.078763072824416,1.2260387395073664,0,1,500
22.715316490278212,0.045430632980556426,0.31714458390976713,0.1432489636756305,3.684592768115877,0.8677717630842636,-1,-0.092,0.62,0.8104626452828024,1,-2,14,15,29,1,-0.17281148057786522,-0.3484907486539243,0.6407478903720512,0.6939516299153271,0.7803160852154859,0,1,500
10.27261755341138,0.02893695085467994,0.495929563825956,0.05834891275966938,7.084859086774799,1.3291439550432083,-2,-0.1295774647887324,0.6985915492957746,1.076245089780223,1,-3,9,11,20,2,-0.1883364124954639,-0.7190871757438373,1.4251373372240677,1.1476981266434427,0.9242697942634517,1,0,355
25.422244033807203,0.05084448806761441,0.3602587191656968,0.14113326163269888,3.610699798836748,0.7445550797779428,2,0.272,0.832,1.0974629149540311,3,-3,15,13,28,2,-0.23894177638035213,-0.5820406360539686,0.7244620505877067,0.8477249124706301,0.7520896380715613,0,1,500
17.973421934198143,0.035946843868396285,0.38709572138634657,0.09286293255725797,5.399295246680396,0.8579748065889082,1,0.976,1.004,0.97843685404563,3,-1,16,15,31,1,-0.2813472799903316,-1.1168787629228387,0.8339836861346089,0.7444152167210409,0.8223298233751994,0,1,500
20.464881628750945,0.04092976325750189,0.32852447915501637,0.12458664682355172,4.590280305831058,1.1152995111289967,1,0.434,0.702,0.9505003428740083,3,-1,15,14,29,1,-0.22291177166380566,-0.574545481357645,0.7017586743069155,0.8210686462038069,0.9025139748070444,0,1,500
-2.817148308663832,-0.019295536360711178,0.3682110399483678,-0.05240347047542215,6.865587929616169,2.58235666398735,0,-0.3287671232876712,0.6986301369863014,0.8639092308729718,1,-2,3,3,6,0,-0.28499167164989814,-1.3773197957774386,1.0343572806541865,1.7041161150572788,1.3304622458469932,1,0,146
20.514633584411158,0.04102926716882232,0.29228142094541565,0.1403758988031753,3.1651949777084667,0.555553396713481,-1,0.35,0.782,0.8860418388995868,2,-2,12,13,25,1,-0.17367083487824286,-0.28332540466545525,0.8238480107797866,0.5708147609211552,0.8182272707726426,0,1,500
22.143093564004715,0.04428618712800943,0.26234426626357477,0.16880943410193197,1.7027517336773599,0.14697336978262923,-2,0.148,0.52,0.7945808438635239,2,-2,10,12,22,2,-0.13736239629595628,-0.3262761731144661,0.8529387208374531,0.5763817348294208,0.7153725437067167,0,1,500
27.884405110958653,0.05341227764771173,0.32099031190474986,0.1663984103775531,3.412988906692547,0.5043053290851464,-1,0.502,0.826,1.08644222737652,3,-1,14,15,29,1,-0.2630004541842624,-0.5518368926708603,0.3767300365627803,0.5898000372583133,0.45666733700752016,0,1,500
-3.6921119792020676,-0.06715238965162727,1.1682794503229952,-0.05747973195368977,9.030050999571287,0.7622807886868019,1,-0.25,0.9868421052631579,1.132843031197762,2,-1,4,3,7,1,-0.1945529107298185,-4.319128614984219,2.155568565627366,1.8575301302222944,1.3105906446262867,1,0,76
19.678982563536408,0.03935796512707282,0.29427471901062124,0.1337456552817863,2.0241349169891265,0.2501267909882973,2,-0.184,0.604,0.8363869237215182,2,-2,12,10,22,2,-0.17807511260006376,-0.6169498019779611,0.5142275265400136,0.8015579230604394,0.8384612839663371,0,1,500
